{"cameraMode":{"drawMode":0,"name":"Shaded","section":"Shading Mode"},"sceneLighting":false,"audioPlay":false,"sceneViewState":{"showFog":true,"showMaterialUpdate":false,"showSkybox":true,"showFlares":true,"showImageEffects":true,"showParticleSystems":true},"in2DMode":false,"pivot":{"x":0.04556896165013313,"y":3.039750814437866,"z":-0.028177261352539064},"rotation":{"x":0.002388430293649435,"y":0.9561113715171814,"z":-0.2929442822933197,"w":0.007757865823805332},"size":0.5364998579025269,"orthographic":false}