{"cameraMode":{"drawMode":0,"name":"Shaded","section":"Shading Mode"},"sceneLighting":false,"audioPlay":false,"sceneViewState":{"showFog":true,"showMaterialUpdate":false,"showSkybox":true,"showFlares":true,"showImageEffects":true,"showParticleSystems":true},"in2DMode":false,"pivot":{"x":520.8508911132813,"y":347.45703125,"z":35.195770263671878},"rotation":{"x":0.2072620987892151,"y":0.018763486295938493,"z":-0.003968068864196539,"w":0.9781187176704407},"size":265.0242919921875,"orthographic":false}