{"cameraMode":{"drawMode":0,"name":"Shaded","section":"Shading Mode"},"sceneLighting":true,"audioPlay":false,"sceneViewState":{"showFog":true,"showMaterialUpdate":false,"showSkybox":true,"showFlares":true,"showImageEffects":true,"showParticleSystems":true},"in2DMode":false,"pivot":{"x":7.674129962921143,"y":5.934153079986572,"z":1.7191123962402344},"rotation":{"x":0.1894746571779251,"y":0.04269234836101532,"z":-0.008246442303061486,"w":0.980923056602478},"size":10.662731170654297,"orthographic":false}