{"cameraMode":{"drawMode":0,"name":"Shaded","section":"Shading Mode"},"sceneLighting":false,"audioPlay":false,"sceneViewState":{"showFog":true,"showMaterialUpdate":false,"showSkybox":false,"showFlares":true,"showImageEffects":true,"showParticleSystems":true},"in2DMode":false,"pivot":{"x":0.8562809824943543,"y":-2.4961490631103517,"z":14.378839492797852},"rotation":{"x":0.002388430293649435,"y":0.9561113715171814,"z":-0.2929442822933197,"w":0.007757865823805332},"size":5.590395927429199,"orthographic":false}